company_domain,page_views_30d,product_pages_viewed,demo_page_visits,avg_session_minutes,last_visit_date
apexfintech.com,230,4,0,4.1,2026-04-01
meridianpay.io,417,12,5,7.2,2026-03-14
vaultline.com,479,9,1,5.9,2026-03-25
clearedgecap.com,456,5,2,10.1,2026-03-17
fintrust.io,518,5,1,6.3,2026-04-08
medlattice.com,485,11,2,2.4,2026-03-22
helixgenomics.io,320,12,0,6.4,2026-04-01
urbanthread.com,78,6,4,1.6,2026-04-07
shopwise.io,258,10,0,6.4,2026-03-16
lumenaire.com,166,11,3,11.8,2026-04-02
truenorthoutdoor.com,127,5,5,3.2,2026-03-19
forgewell.com,220,11,1,11.4,2026-03-23
steelvine.com,112,2,0,1.7,2026-03-29
precisiondynamics.com,320,15,3,2.4,2026-03-31
cascadematerials.com,298,3,1,4.8,2026-04-13
neuralinkdata.com,367,7,1,7.0,2026-04-07
cloudpeak.io,679,2,5,3.7,2026-04-05
datavista.com,493,8,1,5.2,2026-03-22
quantumedgelabs.com,439,2,1,9.3,2026-03-22
synthetica.ai,535,14,5,3.1,2026-03-14
